{"cameraMode":{"drawMode":0,"name":"Shaded","section":"Shading Mode"},"sceneLighting":true,"audioPlay":false,"sceneViewState":{"m_AlwaysRefresh":false,"showFog":true,"showSkybox":true,"showFlares":true,"showImageEffects":true,"showParticleSystems":true,"showVisualEffectGraphs":true,"m_FxEnabled":true},"in2DMode":false,"pivot":{"x":0.35002565383911135,"y":-0.026930809020996095,"z":0.15965843200683595},"rotation":{"x":0.3405250906944275,"y":-0.08305951207876206,"z":0.030215313658118249,"w":0.9360734224319458},"size":2.649169445037842,"orthographic":true}