{"cameraMode":{"drawMode":0,"name":"Shaded","section":"Shading Mode"},"sceneLighting":true,"audioPlay":false,"sceneViewState":{"m_AlwaysRefresh":false,"showFog":true,"showSkybox":true,"showFlares":true,"showImageEffects":true,"showParticleSystems":true,"showVisualEffectGraphs":true,"m_FxEnabled":true},"in2DMode":false,"pivot":{"x":-0.2055187225341797,"y":0.08197402954101563,"z":-0.4165225028991699},"rotation":{"x":0.38335588574409487,"y":-0.2434181421995163,"z":0.10547506809234619,"w":0.8846884369850159},"size":3.693923234939575,"orthographic":true}